{"generation": 13, "fitness": 4279.0, "genome": [0.87467826928349, 0.0, 0.179331930515921, 0.8731401272604911, 0.0, 0.03782886226190546]}