{"generation": 25, "fitness": 2341.0, "genome": [1.0, 0.0, 0.37399798903058756, 0.020273901192854604, 0.0, 0.7138190520290641]}