{"generation": 11, "fitness": 2256.0, "genome": [0.8420756260458478, 0.004488784603192131, 0.179331930515921, 0.35999578886902994, 0.0, 0.03110417344717603]}